row_id,gold,pred,p_bug,p_feature,p_question
12,bug,bug,0.9057,0.028,0.0663
13,bug,bug,0.8948,0.0312,0.074
15,bug,bug,0.9471,0.0307,0.0222
16,bug,bug,0.8627,0.0771,0.0601
44,bug,bug,0.7202,0.0435,0.2364
47,bug,bug,0.8544,0.0846,0.061
52,bug,bug,0.8882,0.0546,0.0571
57,bug,bug,0.9169,0.0381,0.0449
71,bug,bug,0.8537,0.069,0.0773
103,feature,feature,0.0117,0.8936,0.0947
122,feature,feature,0.0731,0.7562,0.1707
140,feature,feature,0.0732,0.6284,0.2984
147,feature,feature,0.4299,0.4527,0.1174
149,feature,bug,0.5163,0.3328,0.1509
152,feature,feature,0.0215,0.7845,0.194
163,feature,feature,0.2765,0.6117,0.1119
179,feature,feature,0.0209,0.9123,0.0668
181,feature,feature,0.0393,0.8799,0.0808
223,question,question,0.1706,0.3621,0.4674
235,question,question,0.0535,0.3297,0.6168
240,question,bug,0.606,0.2284,0.1656
251,question,feature,0.1767,0.6526,0.1707
283,question,question,0.1516,0.4058,0.4425
298,question,bug,0.7375,0.164,0.0985
307,question,feature,0.25,0.4084,0.3416
316,question,bug,0.8894,0.0452,0.0654
319,question,question,0.1692,0.2316,0.5992
336,question,question,0.3457,0.2898,0.3645
342,question,bug,0.7936,0.1151,0.0913
348,question,question,0.1086,0.1779,0.7135
350,question,bug,0.7941,0.1524,0.0535
381,question,bug,0.7747,0.1414,0.0838
385,question,bug,0.4974,0.1569,0.3458
386,question,bug,0.4769,0.1843,0.3388
389,question,question,0.069,0.372,0.5589
394,question,bug,0.4031,0.345,0.2518
410,feature,bug,0.4502,0.4195,0.1303
435,feature,feature,0.2257,0.6915,0.0828
442,feature,bug,0.495,0.4067,0.0983
472,feature,feature,0.0917,0.8203,0.088
474,feature,feature,0.1893,0.6794,0.1313
476,feature,feature,0.1309,0.7839,0.0852
483,feature,bug,0.7273,0.2043,0.0685
493,feature,feature,0.0273,0.8647,0.108
494,feature,feature,0.0445,0.7242,0.2312
501,bug,bug,0.8754,0.0723,0.0524
511,bug,bug,0.7652,0.1585,0.0763
512,bug,bug,0.8584,0.0701,0.0715
514,bug,bug,0.5993,0.2669,0.1339
519,bug,bug,0.9058,0.0423,0.0519
525,bug,bug,0.8988,0.0429,0.0583
540,bug,bug,0.9146,0.045,0.0404
615,bug,bug,0.8818,0.059,0.0591
617,bug,bug,0.8685,0.0619,0.0696
630,bug,bug,0.8519,0.0617,0.0864
659,bug,bug,0.8957,0.0421,0.0622
680,bug,bug,0.9322,0.033,0.0348
688,bug,bug,0.9239,0.0363,0.0398
716,feature,bug,0.7746,0.1054,0.12
735,feature,feature,0.0855,0.6809,0.2337
774,feature,feature,0.0935,0.8151,0.0914
832,question,bug,0.7798,0.0721,0.148
882,question,bug,0.6763,0.2153,0.1084
895,question,bug,0.8643,0.0792,0.0565
911,feature,feature,0.0195,0.8987,0.0818
959,feature,feature,0.045,0.6219,0.3331
975,feature,question,0.1106,0.3097,0.5796
990,feature,feature,0.0621,0.8469,0.091
992,feature,feature,0.4407,0.4614,0.0979
1016,question,question,0.1831,0.1862,0.6307
1021,question,feature,0.3589,0.6028,0.0383
1025,question,bug,0.8316,0.0628,0.1057
1038,question,bug,0.8562,0.0816,0.0622
1043,question,bug,0.8545,0.0334,0.1121
1060,question,bug,0.7898,0.078,0.1322
1095,question,bug,0.9382,0.022,0.0397
1102,bug,bug,0.7448,0.15,0.1051
1103,bug,bug,0.7314,0.1616,0.107
1109,bug,bug,0.9107,0.0453,0.0439
1129,bug,bug,0.4605,0.4253,0.1142
1134,bug,bug,0.9268,0.0459,0.0274
1148,bug,bug,0.9644,0.0168,0.0188
1161,bug,bug,0.8054,0.1243,0.0704
1168,bug,bug,0.9655,0.0169,0.0176
1179,bug,bug,0.9579,0.0228,0.0193
1181,bug,bug,0.9377,0.0277,0.0345
1258,bug,bug,0.7248,0.1432,0.132
1324,question,bug,0.7586,0.0692,0.1722
1327,question,bug,0.4726,0.1719,0.3555
1337,question,feature,0.2338,0.4399,0.3263
1341,question,bug,0.8599,0.0557,0.0844
1343,question,bug,0.6703,0.1162,0.2135
1353,question,bug,0.8456,0.0493,0.105
1414,feature,feature,0.1765,0.7306,0.0928
1415,feature,feature,0.1647,0.7878,0.0475
1416,feature,feature,0.0415,0.9152,0.0433
1435,feature,feature,0.0244,0.9144,0.0612
1447,feature,feature,0.0559,0.9068,0.0372
1474,feature,feature,0.1694,0.779,0.0516
1492,feature,bug,0.7963,0.1418,0.0619
